{
  "hash": "0e74e1fe",
  "configHash": "5f952abb",
  "lockfileHash": "81b92013",
  "browserHash": "35736ce1",
  "optimized": {
    "@angular/core": {
      "src": "../../../../../node_modules/@angular/core/fesm2022/core.mjs",
      "file": "@angular_core.js",
      "fileHash": "2e9bb522",
      "needsInterop": false
    },
    "@angular/platform-browser": {
      "src": "../../../../../node_modules/@angular/platform-browser/fesm2022/platform-browser.mjs",
      "file": "@angular_platform-browser.js",
      "fileHash": "2719195d",
      "needsInterop": false
    },
    "@angular/router": {
      "src": "../../../../../node_modules/@angular/router/fesm2022/router.mjs",
      "file": "@angular_router.js",
      "fileHash": "4fdbb228",
      "needsInterop": false
    },
    "@angular/common/http": {
      "src": "../../../../../node_modules/@angular/common/fesm2022/http.mjs",
      "file": "@angular_common_http.js",
      "fileHash": "aeaf362c",
      "needsInterop": false
    },
    "rxjs": {
      "src": "../../../../../node_modules/rxjs/dist/esm5/index.js",
      "file": "rxjs.js",
      "fileHash": "f825adac",
      "needsInterop": false
    },
    "@angular/common": {
      "src": "../../../../../node_modules/@angular/common/fesm2022/common.mjs",
      "file": "@angular_common.js",
      "fileHash": "3d6c8a5f",
      "needsInterop": false
    },
    "@angular/compiler": {
      "src": "../../../../../node_modules/@angular/compiler/fesm2022/compiler.mjs",
      "file": "@angular_compiler.js",
      "fileHash": "c403e369",
      "needsInterop": false
    },
    "@angular/forms": {
      "src": "../../../../../node_modules/@angular/forms/fesm2022/forms.mjs",
      "file": "@angular_forms.js",
      "fileHash": "e7b04470",
      "needsInterop": false
    }
  },
  "chunks": {
    "chunk-6W3PRLYP": {
      "file": "chunk-6W3PRLYP.js"
    },
    "chunk-4JKCLZ7C": {
      "file": "chunk-4JKCLZ7C.js"
    },
    "chunk-466RBFB3": {
      "file": "chunk-466RBFB3.js"
    },
    "chunk-FZ6CZOPG": {
      "file": "chunk-FZ6CZOPG.js"
    },
    "chunk-WEUX34ES": {
      "file": "chunk-WEUX34ES.js"
    },
    "chunk-WDMUDEB6": {
      "file": "chunk-WDMUDEB6.js"
    }
  }
}